EmployeeID,LastName,FirstName,Address,City
1,Davolio,Nancy,507 20th Ave. E. Apt. 2A,Seattle
2,Fuller,Andrew,908 W. Capital Way,Tacoma
3,Leverling,Janet,722 Moss Bay Blvd.,Kirkland
4,Peacock,Margaret,4110 Old Redmond Rd.,Redmond
5,Buchanan,Steven,14 Garrett Hill,London
6,Suyama,Michael,Coventry House Miner Rd.,London
7,King,Robert,Edgeham Hollow Winchester Way,London
8,Callahan,Laura,4726 11th Ave. N.E.,Seattle
9,Dodsworth,Anne,7 Houndstooth Rd.,London