EmployeeID,LastName,FirstName,PhoneNumber
1,Davolio,Nancy,(206) 555-9857
2,Fuller,Andrew,(206) 555-9482
3,Leverling,Janet,(206) 555-3412
4,Peacock,Margaret,(206) 555-8122
5,Buchanan,Steven,(71) 555-4848
6,Suyama,Michael,(71) 555-7773
7,King,Robert,(71) 555-5598
8,Callahan,Laura,(206) 555-1189
9,Dodsworth,Anne,(71) 555-4444